{
    "Exp1": {
        "SVM": {
            "accuracy": 0.9090909090909091,
            "report": {
                "0": {
                    "precision": 0.875,
                    "recall": 1.0,
                    "f1-score": 0.9333333333333333,
                    "support": 7.0
                },
                "1": {
                    "precision": 1.0,
                    "recall": 0.75,
                    "f1-score": 0.8571428571428571,
                    "support": 4.0
                },
                "accuracy": 0.9090909090909091,
                "macro avg": {
                    "precision": 0.9375,
                    "recall": 0.875,
                    "f1-score": 0.8952380952380952,
                    "support": 11.0
                },
                "weighted avg": {
                    "precision": 0.9204545454545454,
                    "recall": 0.9090909090909091,
                    "f1-score": 0.9056277056277057,
                    "support": 11.0
                }
            }
        },
        "Random Forest": {
            "accuracy": 0.8181818181818182,
            "report": {
                "0": {
                    "precision": 0.7777777777777778,
                    "recall": 1.0,
                    "f1-score": 0.875,
                    "support": 7.0
                },
                "1": {
                    "precision": 1.0,
                    "recall": 0.5,
                    "f1-score": 0.6666666666666666,
                    "support": 4.0
                },
                "accuracy": 0.8181818181818182,
                "macro avg": {
                    "precision": 0.8888888888888888,
                    "recall": 0.75,
                    "f1-score": 0.7708333333333333,
                    "support": 11.0
                },
                "weighted avg": {
                    "precision": 0.8585858585858586,
                    "recall": 0.8181818181818182,
                    "f1-score": 0.7992424242424242,
                    "support": 11.0
                }
            }
        },
        "XGBoost": {
            "accuracy": 0.7272727272727273,
            "report": {
                "0": {
                    "precision": 0.7,
                    "recall": 1.0,
                    "f1-score": 0.8235294117647058,
                    "support": 7.0
                },
                "1": {
                    "precision": 1.0,
                    "recall": 0.25,
                    "f1-score": 0.4,
                    "support": 4.0
                },
                "accuracy": 0.7272727272727273,
                "macro avg": {
                    "precision": 0.85,
                    "recall": 0.625,
                    "f1-score": 0.611764705882353,
                    "support": 11.0
                },
                "weighted avg": {
                    "precision": 0.809090909090909,
                    "recall": 0.7272727272727273,
                    "f1-score": 0.6695187165775401,
                    "support": 11.0
                }
            }
        }
    },
    "Exp2": {
        "SVM": {
            "accuracy": 0.7351351351351352,
            "report": {
                "0": {
                    "precision": 0.8823529411764706,
                    "recall": 0.5113636363636364,
                    "f1-score": 0.6474820143884892,
                    "support": 88.0
                },
                "1": {
                    "precision": 0.6791044776119403,
                    "recall": 0.9381443298969072,
                    "f1-score": 0.7878787878787878,
                    "support": 97.0
                },
                "accuracy": 0.7351351351351352,
                "macro avg": {
                    "precision": 0.7807287093942055,
                    "recall": 0.7247539831302718,
                    "f1-score": 0.7176804011336385,
                    "support": 185.0
                },
                "weighted avg": {
                    "precision": 0.7757848278480411,
                    "recall": 0.7351351351351352,
                    "f1-score": 0.7210954577861052,
                    "support": 185.0
                }
            },
            "cm": [
                [
                    45,
                    43
                ],
                [
                    6,
                    91
                ]
            ]
        },
        "Random Forest": {
            "accuracy": 0.7675675675675676,
            "report": {
                "0": {
                    "precision": 0.8571428571428571,
                    "recall": 0.6136363636363636,
                    "f1-score": 0.7152317880794702,
                    "support": 88.0
                },
                "1": {
                    "precision": 0.7213114754098361,
                    "recall": 0.9072164948453608,
                    "f1-score": 0.8036529680365296,
                    "support": 97.0
                },
                "accuracy": 0.7675675675675676,
                "macro avg": {
                    "precision": 0.7892271662763466,
                    "recall": 0.7604264292408622,
                    "f1-score": 0.759442378058,
                    "support": 185.0
                },
                "weighted avg": {
                    "precision": 0.7859231596936516,
                    "recall": 0.7675675675675676,
                    "f1-score": 0.7615931635164149,
                    "support": 185.0
                }
            },
            "cm": [
                [
                    54,
                    34
                ],
                [
                    9,
                    88
                ]
            ]
        },
        "XGBoost": {
            "accuracy": 0.7945945945945946,
            "report": {
                "0": {
                    "precision": 0.8205128205128205,
                    "recall": 0.7272727272727273,
                    "f1-score": 0.7710843373493976,
                    "support": 88.0
                },
                "1": {
                    "precision": 0.7757009345794392,
                    "recall": 0.8556701030927835,
                    "f1-score": 0.8137254901960784,
                    "support": 97.0
                },
                "accuracy": 0.7945945945945946,
                "macro avg": {
                    "precision": 0.7981068775461299,
                    "recall": 0.7914714151827553,
                    "f1-score": 0.792404913772738,
                    "support": 185.0
                },
                "weighted avg": {
                    "precision": 0.7970168586991018,
                    "recall": 0.7945945945945946,
                    "f1-score": 0.7934421310041437,
                    "support": 185.0
                }
            },
            "cm": [
                [
                    64,
                    24
                ],
                [
                    14,
                    83
                ]
            ]
        }
    }
}