{
    "Exp1": {
        "SVM": {
            "accuracy": 0.6363636363636364,
            "report": {
                "0": {
                    "precision": 0.0,
                    "recall": 0.0,
                    "f1-score": 0.0,
                    "support": 4.0
                },
                "1": {
                    "precision": 0.6363636363636364,
                    "recall": 1.0,
                    "f1-score": 0.7777777777777778,
                    "support": 7.0
                },
                "accuracy": 0.6363636363636364,
                "macro avg": {
                    "precision": 0.3181818181818182,
                    "recall": 0.5,
                    "f1-score": 0.3888888888888889,
                    "support": 11.0
                },
                "weighted avg": {
                    "precision": 0.4049586776859504,
                    "recall": 0.6363636363636364,
                    "f1-score": 0.494949494949495,
                    "support": 11.0
                }
            }
        },
        "Random Forest": {
            "accuracy": 0.6363636363636364,
            "report": {
                "0": {
                    "precision": 0.0,
                    "recall": 0.0,
                    "f1-score": 0.0,
                    "support": 4.0
                },
                "1": {
                    "precision": 0.6363636363636364,
                    "recall": 1.0,
                    "f1-score": 0.7777777777777778,
                    "support": 7.0
                },
                "accuracy": 0.6363636363636364,
                "macro avg": {
                    "precision": 0.3181818181818182,
                    "recall": 0.5,
                    "f1-score": 0.3888888888888889,
                    "support": 11.0
                },
                "weighted avg": {
                    "precision": 0.4049586776859504,
                    "recall": 0.6363636363636364,
                    "f1-score": 0.494949494949495,
                    "support": 11.0
                }
            }
        },
        "XGBoost": {
            "accuracy": 0.7272727272727273,
            "report": {
                "0": {
                    "precision": 1.0,
                    "recall": 0.25,
                    "f1-score": 0.4,
                    "support": 4.0
                },
                "1": {
                    "precision": 0.7,
                    "recall": 1.0,
                    "f1-score": 0.8235294117647058,
                    "support": 7.0
                },
                "accuracy": 0.7272727272727273,
                "macro avg": {
                    "precision": 0.85,
                    "recall": 0.625,
                    "f1-score": 0.611764705882353,
                    "support": 11.0
                },
                "weighted avg": {
                    "precision": 0.809090909090909,
                    "recall": 0.7272727272727273,
                    "f1-score": 0.6695187165775401,
                    "support": 11.0
                }
            }
        }
    },
    "Exp2": {
        "SVM": {
            "accuracy": 0.5243243243243243,
            "report": {
                "0": {
                    "precision": 0.0,
                    "recall": 0.0,
                    "f1-score": 0.0,
                    "support": 88.0
                },
                "1": {
                    "precision": 0.5243243243243243,
                    "recall": 1.0,
                    "f1-score": 0.6879432624113475,
                    "support": 97.0
                },
                "accuracy": 0.5243243243243243,
                "macro avg": {
                    "precision": 0.26216216216216215,
                    "recall": 0.5,
                    "f1-score": 0.34397163120567376,
                    "support": 185.0
                },
                "weighted avg": {
                    "precision": 0.2749159970781592,
                    "recall": 0.5243243243243243,
                    "f1-score": 0.36070538623730114,
                    "support": 185.0
                }
            },
            "cm": [
                [
                    0,
                    88
                ],
                [
                    0,
                    97
                ]
            ]
        },
        "Random Forest": {
            "accuracy": 0.5783783783783784,
            "report": {
                "0": {
                    "precision": 0.8125,
                    "recall": 0.14772727272727273,
                    "f1-score": 0.25,
                    "support": 88.0
                },
                "1": {
                    "precision": 0.5562130177514792,
                    "recall": 0.9690721649484536,
                    "f1-score": 0.706766917293233,
                    "support": 97.0
                },
                "accuracy": 0.5783783783783784,
                "macro avg": {
                    "precision": 0.6843565088757396,
                    "recall": 0.5583997188378632,
                    "f1-score": 0.4783834586466165,
                    "support": 185.0
                },
                "weighted avg": {
                    "precision": 0.6781225011994243,
                    "recall": 0.5783783783783784,
                    "f1-score": 0.4894940052834789,
                    "support": 185.0
                }
            },
            "cm": [
                [
                    13,
                    75
                ],
                [
                    3,
                    94
                ]
            ]
        },
        "XGBoost": {
            "accuracy": 0.6324324324324324,
            "report": {
                "0": {
                    "precision": 0.6851851851851852,
                    "recall": 0.42045454545454547,
                    "f1-score": 0.5211267605633803,
                    "support": 88.0
                },
                "1": {
                    "precision": 0.6106870229007634,
                    "recall": 0.8247422680412371,
                    "f1-score": 0.7017543859649122,
                    "support": 97.0
                },
                "accuracy": 0.6324324324324324,
                "macro avg": {
                    "precision": 0.6479361040429743,
                    "recall": 0.6225984067478912,
                    "f1-score": 0.6114405732641462,
                    "support": 185.0
                },
                "weighted avg": {
                    "precision": 0.6461239865820019,
                    "recall": 0.6324324324324324,
                    "f1-score": 0.6158342182063458,
                    "support": 185.0
                }
            },
            "cm": [
                [
                    37,
                    51
                ],
                [
                    17,
                    80
                ]
            ]
        }
    }
}