{
    "Exp1": {
        "SVM": {
            "accuracy": 0.9090909090909091,
            "report": {
                "0": {
                    "precision": 0.875,
                    "recall": 1.0,
                    "f1-score": 0.9333333333333333,
                    "support": 7.0
                },
                "1": {
                    "precision": 1.0,
                    "recall": 0.75,
                    "f1-score": 0.8571428571428571,
                    "support": 4.0
                },
                "accuracy": 0.9090909090909091,
                "macro avg": {
                    "precision": 0.9375,
                    "recall": 0.875,
                    "f1-score": 0.8952380952380952,
                    "support": 11.0
                },
                "weighted avg": {
                    "precision": 0.9204545454545454,
                    "recall": 0.9090909090909091,
                    "f1-score": 0.9056277056277057,
                    "support": 11.0
                }
            }
        },
        "Random Forest": {
            "accuracy": 0.7272727272727273,
            "report": {
                "0": {
                    "precision": 0.75,
                    "recall": 0.8571428571428571,
                    "f1-score": 0.8,
                    "support": 7.0
                },
                "1": {
                    "precision": 0.6666666666666666,
                    "recall": 0.5,
                    "f1-score": 0.5714285714285714,
                    "support": 4.0
                },
                "accuracy": 0.7272727272727273,
                "macro avg": {
                    "precision": 0.7083333333333333,
                    "recall": 0.6785714285714286,
                    "f1-score": 0.6857142857142857,
                    "support": 11.0
                },
                "weighted avg": {
                    "precision": 0.7196969696969696,
                    "recall": 0.7272727272727273,
                    "f1-score": 0.7168831168831169,
                    "support": 11.0
                }
            }
        },
        "XGBoost": {
            "accuracy": 0.6363636363636364,
            "report": {
                "0": {
                    "precision": 0.6666666666666666,
                    "recall": 0.8571428571428571,
                    "f1-score": 0.75,
                    "support": 7.0
                },
                "1": {
                    "precision": 0.5,
                    "recall": 0.25,
                    "f1-score": 0.3333333333333333,
                    "support": 4.0
                },
                "accuracy": 0.6363636363636364,
                "macro avg": {
                    "precision": 0.5833333333333333,
                    "recall": 0.5535714285714286,
                    "f1-score": 0.5416666666666666,
                    "support": 11.0
                },
                "weighted avg": {
                    "precision": 0.606060606060606,
                    "recall": 0.6363636363636364,
                    "f1-score": 0.5984848484848485,
                    "support": 11.0
                }
            }
        }
    },
    "Exp2": {
        "SVM": {
            "accuracy": 0.5243243243243243,
            "report": {
                "0": {
                    "precision": 0.0,
                    "recall": 0.0,
                    "f1-score": 0.0,
                    "support": 88.0
                },
                "1": {
                    "precision": 0.5243243243243243,
                    "recall": 1.0,
                    "f1-score": 0.6879432624113475,
                    "support": 97.0
                },
                "accuracy": 0.5243243243243243,
                "macro avg": {
                    "precision": 0.26216216216216215,
                    "recall": 0.5,
                    "f1-score": 0.34397163120567376,
                    "support": 185.0
                },
                "weighted avg": {
                    "precision": 0.2749159970781592,
                    "recall": 0.5243243243243243,
                    "f1-score": 0.36070538623730114,
                    "support": 185.0
                }
            },
            "cm": [
                [
                    0,
                    88
                ],
                [
                    0,
                    97
                ]
            ]
        },
        "Random Forest": {
            "accuracy": 0.7621621621621621,
            "report": {
                "0": {
                    "precision": 0.8666666666666667,
                    "recall": 0.5909090909090909,
                    "f1-score": 0.7027027027027027,
                    "support": 88.0
                },
                "1": {
                    "precision": 0.712,
                    "recall": 0.9175257731958762,
                    "f1-score": 0.8018018018018018,
                    "support": 97.0
                },
                "accuracy": 0.7621621621621621,
                "macro avg": {
                    "precision": 0.7893333333333333,
                    "recall": 0.7542174320524836,
                    "f1-score": 0.7522522522522523,
                    "support": 185.0
                },
                "weighted avg": {
                    "precision": 0.7855711711711713,
                    "recall": 0.7621621621621621,
                    "f1-score": 0.7546627708789871,
                    "support": 185.0
                }
            },
            "cm": [
                [
                    52,
                    36
                ],
                [
                    8,
                    89
                ]
            ]
        },
        "XGBoost": {
            "accuracy": 0.8,
            "report": {
                "0": {
                    "precision": 0.8227848101265823,
                    "recall": 0.7386363636363636,
                    "f1-score": 0.7784431137724551,
                    "support": 88.0
                },
                "1": {
                    "precision": 0.7830188679245284,
                    "recall": 0.8556701030927835,
                    "f1-score": 0.8177339901477833,
                    "support": 97.0
                },
                "accuracy": 0.8,
                "macro avg": {
                    "precision": 0.8029018390255553,
                    "recall": 0.7971532333645736,
                    "f1-score": 0.7980885519601192,
                    "support": 185.0
                },
                "weighted avg": {
                    "precision": 0.8019345593503702,
                    "recall": 0.8,
                    "f1-score": 0.7990442759800597,
                    "support": 185.0
                }
            },
            "cm": [
                [
                    65,
                    23
                ],
                [
                    14,
                    83
                ]
            ]
        }
    }
}